local_relpath,revision,translated_size
game/assets/be/0.swf,t7n+QhTDLFaxVJg0PNjhCg==,2556
game/assets/be/1.swf,cNuIH3FCJSrRT5tfApCMYA==,81444
game/assets/be/10.swf,MQdrwJCBMGlF0z+Nt7rhsQ==,66103
game/assets/be/2.swf,pG3aS+Y+cC3aDF1ct8txcg==,11091
game/assets/be/3.swf,FqmjgelLKd6zKog5EFKb7g==,48461
game/assets/be/4.swf,byJs8HrIE8cWTambIu3kyA==,21494
game/assets/be/5.swf,Wu2GaPigxGhvHLl3DKNILQ==,27194
game/assets/be/6.swf,mhDJXyHi5EQZlGist8F9mw==,50318
game/assets/be/7.swf,eehXB6Ashzhx1JMoIRZnYQ==,38512
game/assets/dapao/1.swf,8HQeQAxfvTA2XBI6HU4tlg==,31723
game/assets/dapao/10.swf,rtfwKCET4b4vAnUeMDMxkg==,20829
game/assets/dapao/11.swf,c9sLobeinB4Zkyu13cR9pQ==,19806
game/assets/dapao/12.swf,uqWk+PYbA+aV6c4oLie68A==,20358
game/assets/dapao/13.swf,yKG7GP7XdlvYGvuH8azScA==,20472
game/assets/dapao/14.swf,cnB2qSL9JKKq2TfpM4J/tw==,21219
game/assets/dapao/15.swf,JvU1GahTxTAp3xUblDcDSg==,21600
game/assets/dapao/16.swf,+2akLakfe6l+8JIGIjwRWA==,22769
game/assets/dapao/17.swf,sLYFuhz8zpKEDnIquC3Kzw==,20908
game/assets/dapao/18.swf,5Id2grq0rVT3Ir1mHvMz/A==,21463
game/assets/dapao/19.swf,4Eht1l82e9RqEiDs8ab8LQ==,22087
game/assets/dapao/2.swf,H2hkKk53v7e4opPrwniyTA==,20275
game/assets/dapao/20.swf,Bey0Al+NDSWGtK/U2632sg==,20582
game/assets/dapao/3.swf,ATQ/rgM61+PzfT8O35bzOw==,21204
game/assets/dapao/4.swf,0d0Ut9TBLQ8k5KyEaxYqnQ==,20964
game/assets/dapao/5.swf,bgxUtI7JUxO4xK6t0sMFbA==,21110
game/assets/dapao/6.swf,acjAkhflmSfyS7+Vc/BooQ==,20244
game/assets/dapao/7.swf,qhzt55/g44bLLHMeuGZHng==,19737
game/assets/dapao/8.swf,NT62EuZt07QO+fN6tPOH7g==,19914
game/assets/dapao/9.swf,BAwY07C4uzaQhy6/ghh86g==,19743
game/assets/face2/face(1).wdp,dlvSN90o7flpbP7+NdItDQ==,2593
game/assets/face2/face(10).wdp,lPn7skeQfZRspZNFLCawNQ==,2943
game/assets/face2/face(100).wdp,GUmh+wiEKd2nfVIcN+mCDg==,1799
game/assets/face2/face(101).wdp,uC7uBkKTwuKD5y7Z+6Cq9g==,2225
game/assets/face2/face(102).wdp,Fh4RBYNb3Gko1GWXXkFW1g==,2121
game/assets/face2/face(103).wdp,8x14gerDhJxnhs3Y3/tMfQ==,2153
game/assets/face2/face(104).wdp,KODnCcNOlihLqovMZEiZ/g==,1889
game/assets/face2/face(105).wdp,nIw7Rza8ABFcHU/9hJLucA==,2249
game/assets/face2/face(106).wdp,jTMJCVk+5/N2fa5qPPuD9g==,2063
game/assets/face2/face(107).wdp,bZFbfA+PDS++EC/3wDi28w==,2015
game/assets/face2/face(108).wdp,cy9bV0xCaQ4lxZuTM0QRkw==,2073
game/assets/face2/face(109).wdp,LAZjx5AWbfTMJGnDz1zzUw==,1865
game/assets/face2/face(11).wdp,sSAu3v5U+SfsE4kkwfxKfQ==,2261
game/assets/face2/face(110).wdp,+2aAAqNUDadbn5XgVrKX4Q==,3027
game/assets/face2/face(111).wdp,l+EhkIoIGiYbQqXT1SpUMQ==,1633
game/assets/face2/face(112).wdp,uNRrbiqzMlYLvqPzCnzN6A==,1871
game/assets/face2/face(113).wdp,EZhTd/XrbBaAOJRw4hnjMQ==,1735
game/assets/face2/face(114).wdp,Cn+iV8qjmv9ekPS8G++BHg==,2079
game/assets/face2/face(115).wdp,2otpr+bteFcc3Vilrf56pA==,1855
game/assets/face2/face(116).wdp,WUpmd9oTUejZMmoHK517rg==,2173
game/assets/face2/face(117).wdp,xS1Z5Tw3Fjaybsso4Mt0jw==,1893
game/assets/face2/face(118).wdp,zmGsjoRZQhMHi1sdOurbdA==,2873
game/assets/face2/face(119).wdp,fK5c+DvvODu1dwA/XG8Z2Q==,1951
game/assets/face2/face(12).wdp,qN5P14s5f+imSvnNcqX5MQ==,3677
game/assets/face2/face(120).wdp,0TP6uxNJeplOFg81gz/9aQ==,2663
game/assets/face2/face(121).wdp,PV1VrsmZCMuB4ynomYDFUQ==,2031
game/assets/face2/face(122).wdp,/8VEhrqCsj7pVNEe2gIgRg==,2281
game/assets/face2/face(123).wdp,JPlQ5SOCjZNE62aPHj5JsQ==,3359
game/assets/face2/face(124).wdp,7J93mnAkXX+j8a70BjK30A==,3695
game/assets/face2/face(125).wdp,T22h2ErUjC4oc93i3rgyqg==,2237
game/assets/face2/face(126).wdp,CHmZMVHxvy3VNghyMfvALA==,2991
game/assets/face2/face(127).wdp,v3JZHfKxBzRaA+ZN52KUdg==,2267
game/assets/face2/face(128).wdp,QviI0qrLM8gyMI9/EnQfwA==,2903
game/assets/face2/face(129).wdp,we75PqAcctjPUoqU9/+4gg==,1905
game/assets/face2/face(13).wdp,Gzl47FSj0TgR1oBV7fwWJg==,1921
game/assets/face2/face(130).wdp,kOBYGMrgh5oQBJhMVe36eA==,2221
game/assets/face2/face(14).wdp,8JveJ4RNLkll4fAowZl4ug==,2637
game/assets/face2/face(15).wdp,+lf3VpZrzSwUJgPss+rLwQ==,2493
game/assets/face2/face(16).wdp,g+rwFFv6WPRXAZiOrn14iQ==,2001
game/assets/face2/face(17).wdp,KKYakrZenSX4orcE5kQH6A==,2569
game/assets/face2/face(18).wdp,PDDA2DC4pEmy0y3c3XGzjQ==,2079
game/assets/face2/face(19).wdp,v8b8yWuIbXy538CkF8TtjA==,2131
game/assets/face2/face(2).wdp,s6uXADmwUqyzQ5zO+okuZw==,2407
game/assets/face2/face(20).wdp,dN+T1VTSS6YLw5ZWqsSqwQ==,2137
game/assets/face2/face(21).wdp,Rw12vYyY+fCeVhUp39+nDA==,2215
game/assets/face2/face(22).wdp,KFMqFnCcgB2fHkbyKhQ0ZQ==,2435
game/assets/face2/face(23).wdp,FUGi2Nv4Mn7+JsSR3jXn1w==,1921
game/assets/face2/face(24).wdp,PKl8tQXNrpj5qkI36jj0uw==,2301
game/assets/face2/face(25).wdp,Xm+LQcdv8xlPAF/nHcGVGw==,2257
game/assets/face2/face(26).wdp,lbH6uX2pi5PfMjZuJzHLpQ==,1757
game/assets/face2/face(27).wdp,oHI/tWSI+C8C9NL7MiwPtw==,2375
game/assets/face2/face(28).wdp,6FPfGsAj0G0VHDmHdTBbzg==,2019
game/assets/face2/face(29).wdp,h6SmNBzS+jfemBLqDaV3PQ==,2499
game/assets/face2/face(3).wdp,7JRmOwhFljcw0QoaFUBJgA==,2869
game/assets/face2/face(30).wdp,F23OqARJgKMMAkpa6DZx0w==,2483
game/assets/face2/face(31).wdp,43EtgYOhrXbNXbrZxOTNsg==,2965
game/assets/face2/face(32).wdp,Ux1e9kTAGX5t73kj14m/YA==,1441
game/assets/face2/face(33).wdp,ZZnCVH3cj1+ZUCJHtDmSow==,1725
game/assets/face2/face(34).wdp,MT1OhCw0G7K8A1vrJLh7ZA==,1907
game/assets/face2/face(35).wdp,L7aEzejyUyFUFm4VIJDW7A==,2631
game/assets/face2/face(36).wdp,cRGRf6qpoOJh0Qlb0hJlIg==,2231
game/assets/face2/face(37).wdp,Ad/XzVlRZCeVyiDCOC8CDw==,2141
game/assets/face2/face(38).wdp,NGgX7VIJlietgCCNe5RgkQ==,2791
game/assets/face2/face(39).wdp,w2ZuYDqi2qZQ2lrIKIglwQ==,1911
game/assets/face2/face(4).wdp,w5RLoQBMFiqsROwGgKK7wQ==,1889
game/assets/face2/face(40).wdp,ScO03KKfRrPVe7tzVFkqcQ==,1895
game/assets/face2/face(41).wdp,jdmFtrTf8nE23oVwwRJoVA==,1823
game/assets/face2/face(42).wdp,bgSLFi1EviNw9dNosPe/RA==,1833
game/assets/face2/face(43).wdp,gePpqYr2goQukvoY0yqgkQ==,1859
game/assets/face2/face(44).wdp,FmkMfz0hNRGK6ETh8IjdnA==,1851
game/assets/face2/face(45).wdp,bquiNKga5oeBL9l1OwMviw==,1795
game/assets/face2/face(46).wdp,eMa52o3KG092Z9g6r/JIrQ==,2195
game/assets/face2/face(47).wdp,ueTk9yPwf9nFHYzzhxhAxQ==,1955
game/assets/face2/face(48).wdp,pIPLF/V1hUdMD6MwMh8zhQ==,1609
game/assets/face2/face(49).wdp,PqjrmQqgvPgNmi4MVEVa6w==,1897
game/assets/face2/face(5).wdp,rNiIQE8ZeSDyxCpSyye/Lg==,2057
game/assets/face2/face(50).wdp,Rrv7J0S9YxOf+lEWIteREQ==,2521
game/assets/face2/face(51).wdp,HT0X0rx0UMuRwKKu1BhwZQ==,2423
game/assets/face2/face(52).wdp,67wAY/Ah0T/5FkQW90RFfQ==,1829
game/assets/face2/face(53).wdp,+aLTgHIdKjI+fdO25b0sWw==,2381
game/assets/face2/face(54).wdp,n1FXsthLBHoW3PO212eC2A==,1733
game/assets/face2/face(55).wdp,A6aFneRpAX/BD+Yt/kh2uw==,3121
game/assets/face2/face(56).wdp,zuBLBMW5bzXcc6YBqmk/Og==,1913
game/assets/face2/face(57).wdp,XYgxLMSSCyENtExc6ejNdw==,2777
game/assets/face2/face(58).wdp,MgTLOvbtx6W2eHeArasb/A==,1687
game/assets/face2/face(59).wdp,sG2RUU7gW49ztCGIgq7y7Q==,2135
game/assets/face2/face(6).wdp,LELRlddbzQBd2rRTt9OvfA==,1489
game/assets/face2/face(60).wdp,XsG1U2zPzEZHnYnavu+Org==,1997
game/assets/face2/face(61).wdp,//EI+bFyunPrMqHl8ybRAA==,1959
game/assets/face2/face(62).wdp,QbQKze+Q/COeB11TqTpPvA==,1853
game/assets/face2/face(63).wdp,4925HErNA5QHqRIv8n5SWQ==,2365
game/assets/face2/face(64).wdp,Y9a40gH+EMeQKzQrfRVLRA==,2115
game/assets/face2/face(65).wdp,K+eT6Al/rz/p/2gY+niLZQ==,2369
game/assets/face2/face(66).wdp,NfNul63GHTwzfbUI5JOt5A==,2313
game/assets/face2/face(67).wdp,oQ/obnvOAedDyv46QJGtqA==,2055
game/assets/face2/face(68).wdp,uzqo4UgyfuhL10wFmrf8nQ==,2525
game/assets/face2/face(69).wdp,J1xebimds0FUdS9R0Hi76w==,1873
game/assets/face2/face(7).wdp,MZYJfUTUx7cjo8YT2OB0Ww==,2339
game/assets/face2/face(70).wdp,MAU+i5pDb8bQLm3/uufFUw==,1765
game/assets/face2/face(71).wdp,pYdmWjGkTu7W8QYL/vm7Ug==,2853
game/assets/face2/face(72).wdp,4y2qfFo5kkuZy8rvOkWKeA==,3219
game/assets/face2/face(73).wdp,JgPw8IBvkFqZYx/o7jEHIQ==,2717
game/assets/face2/face(74).wdp,u9QSnXwRyI5w7+vkXqZZNw==,2111
game/assets/face2/face(75).wdp,SDS27Ekgc0lfrgSezEvxBQ==,1773
game/assets/face2/face(76).wdp,1gMmuQ5c6rQhwR1RhB/hng==,2813
game/assets/face2/face(77).wdp,WYOQf7mZKLM2KnwOHwzswA==,2405
game/assets/face2/face(78).wdp,XNuSd8/IWS7xeODu1eiN7w==,2061
game/assets/face2/face(79).wdp,BAKJIopBN4eD+BBtq1uDAA==,1999
game/assets/face2/face(8).wdp,UqSLD8doxn/aO5pnFebXEg==,2115
game/assets/face2/face(80).wdp,V0oTk4h7BV73p3DQEXlwMw==,2081
game/assets/face2/face(81).wdp,tZhqeWwV2xLhVMIKUtl54w==,1843
game/assets/face2/face(82).wdp,/PGcga6vriPwsm2qeCcHRQ==,2241
game/assets/face2/face(83).wdp,3UnJEuLbXFjZ4VQCoF9QvA==,1579
game/assets/face2/face(84).wdp,6NHaD0Fcw2SBDbMDUeUMGw==,1911
game/assets/face2/face(85).wdp,bSWNZ1GHl0iL+S8dNrd2zQ==,1761
game/assets/face2/face(86).wdp,ksm/LVK1+VNyhLiIYWy4JQ==,2073
game/assets/face2/face(87).wdp,cgpmtU20fxXMPV3CUCOfCQ==,1825
game/assets/face2/face(88).wdp,vuVRsMNTBkSsK5JPHX3J4g==,2077
game/assets/face2/face(89).wdp,EC43jW2ILFIMzOyOiHS9IA==,1781
game/assets/face2/face(9).wdp,C6/jvIGWGkggSVzjYcbUwQ==,2083
game/assets/face2/face(90).wdp,J8jhvihvb2FcY5GeHKH3WA==,1505
game/assets/face2/face(91).wdp,6iEqo8m3GWZFY3jRNSsi7Q==,2089
game/assets/face2/face(92).wdp,UzArBBr7GRoVJ127T1xeag==,1897
game/assets/face2/face(93).wdp,Oz4wdSt2NR6xfPTg7spung==,2049
game/assets/face2/face(94).wdp,mvWG3OYxmWT0LsEdvko4bw==,2039
game/assets/face2/face(95).wdp,7ozu2cUWnq1Ccrq6d1hEFQ==,1969
game/assets/face2/face(96).wdp,c4o+eIXnKCRrLi4v+sw+yA==,2105
game/assets/face2/face(97).wdp,ojetsJaPhuGtjYFJOZTJiw==,2121
game/assets/face2/face(98).wdp,GHZZlXVKrb/uCAlqXT0peg==,1909
game/assets/face2/face(99).wdp,NuatHQ22qe2C1AZfuhs/PQ==,2967
game/assets/icon/1.wdp,L3EjOr8qekY4w5T6lnbZMw==,2837
game/assets/icon/10.wdp,MSNen+waoO//Rv3XieE/2Q==,4095
game/assets/icon/1001.wdp,lx1OEPEmCjqSgPFZRrgw9A==,4185
game/assets/icon/1002.wdp,M9RiyJAHFJeYrRQZdkH/eA==,3745
game/assets/icon/1003.wdp,O9QVbXBO34X3reUhWQErgA==,3091
game/assets/icon/1004.wdp,NHbPYPgo0rPV7/MjNsNzqg==,3063
game/assets/icon/1005.wdp,VS6UeudF8iOZH6k+6g952g==,3789
game/assets/icon/1006.wdp,DDINMEVFUWwZ8rJBq3y6Dg==,2701
game/assets/icon/1007.wdp,0ozcNSVGqLDG77z5K3uXOA==,4483
game/assets/icon/1008.wdp,a9xBRNJ1qS9MESJ1h9qypQ==,4735
game/assets/icon/1009.wdp,X5pnTeDxoHQ+3bUa8fgXcg==,4221
game/assets/icon/1010.wdp,Tqhrk12sCc2lX0Q/+oyv8g==,3177
game/assets/icon/1011.wdp,1JWOR6MGa6Hsb9dxEhQSHQ==,4241
game/assets/icon/1012.wdp,4fsVWySTs7ZxcSKC3lrw8g==,3235
game/assets/icon/1013.wdp,SHp6i5veh5ublAu8HNQc6w==,3339
game/assets/icon/1014.wdp,AHHhRAw6VJ0sUkDN795e4w==,3375
game/assets/icon/1015.wdp,uIsAhQJsw+NaLQ7i2tfyFQ==,2931
game/assets/icon/1016.wdp,1WPSPxKUbWd9h1xAsTB8LA==,3759
game/assets/icon/1017.wdp,DI0Tm893cke5hs7rS6a7/g==,3461
game/assets/icon/1018.wdp,yICDex6LXJRbEIYOlVcf2Q==,3219
game/assets/icon/1019.wdp,Qm+JWO+x55dJMDcSQe7C3A==,3373
game/assets/icon/1020.wdp,eaAQGQr6jC+gVOvvhJsC8A==,2733
game/assets/icon/1021.wdp,nug+hxjREAcmGCK/6e765Q==,3553
game/assets/icon/1022.wdp,mZWz8SIz0wRz57XrycSARA==,4235
game/assets/icon/1023.wdp,oWgNSYLn525DEAASCWXt+A==,4543
game/assets/icon/1024.wdp,eTJIaycP54YqX0oc8KC0CQ==,3549
game/assets/icon/1025.wdp,BlbLOOKIWiu97/Wbg34ecQ==,4703
game/assets/icon/1026.wdp,xHQSN4+pPO/HbKODEem+Cg==,4391
game/assets/icon/1027.wdp,35Vk6MCWYG8PyJoVQIoRNg==,4427
game/assets/icon/1028.wdp,2g+jUljopnY/4EqPhZZLqQ==,3851
game/assets/icon/1029.wdp,LNbuD7O59Z3xqBww81w+yQ==,4433
game/assets/icon/1030.wdp,4iywari+hSpLyVjD/j637w==,3243
game/assets/icon/11.wdp,GUrvQL26mG8HJI7AbBE2qQ==,3399
game/assets/icon/12.wdp,X/yxiwmDVXCPhU7cXfP60A==,3745
game/assets/icon/13.wdp,7ykekuE/8d3zKOCQH4fp1g==,3675
game/assets/icon/14.wdp,1SHX1rntInYxC+UCoMew3Q==,4051
game/assets/icon/15.wdp,Q5h36QgkqRejXFWiGQzPbQ==,4217
game/assets/icon/16.wdp,B5RlRb/OEY6nE4iS+2fdbg==,4787
game/assets/icon/17.wdp,dpR06Gk38pbRITcOzNPi9Q==,4245
game/assets/icon/18.wdp,ZbOCOf+SVFMMAeBjJkcrCg==,4003
game/assets/icon/19.wdp,qPbZIbARwHZeM7Y2kFA43w==,4681
game/assets/icon/2.wdp,9aqWgsMwiUVDUwaiIn8pxg==,3371
game/assets/icon/20.wdp,mqBQfYxqHVI6YanOJBvoGg==,3375
game/assets/icon/2001.wdp,AsnhgBEWbVhb4Bc1CyXmEQ==,2095
game/assets/icon/2002.wdp,KbFCQ5J1YTiYktcw5IsHXA==,3341
game/assets/icon/2003.wdp,aOcRFX7070qzgjyLI3W3sg==,3401
game/assets/icon/2004.wdp,UYAEcVuto7u4bi8/ZEWUDg==,2985
game/assets/icon/2005.wdp,jKjtMIam5vSEgPcX8V+CaQ==,3783
game/assets/icon/2006.wdp,aQFY+7j1nxTc+EdnQFW1EQ==,2969
game/assets/icon/2007.wdp,i1aGHeB+kRlH3WM0q3IuoA==,3887
game/assets/icon/2008.wdp,TvkPlAbPqvTp5EVQ2C3clg==,4433
game/assets/icon/2009.wdp,/5q8AiQMzLa4ctRlzYgK5w==,4597
game/assets/icon/2010.wdp,aNB+0tf+FvkSs7+KJY7kDw==,2597
game/assets/icon/2011.wdp,wtzrqWXa15uAv0y310+3vg==,2847
game/assets/icon/2012.wdp,xl8VmfPP1Pgqmi0T5dnLFw==,3883
game/assets/icon/2013.wdp,2WIcwRA8/L/LzrJSihK5Ew==,2997
game/assets/icon/2014.wdp,dcHXkN6tL4NrKN+31453QQ==,3233
game/assets/icon/2015.wdp,UrBwySd1IJAcaDbz2rxkBw==,3013
game/assets/icon/2016.wdp,tU13JYEYtwqD+bOMCUrU0g==,3381
game/assets/icon/2017.wdp,V/nflhVqi9b7XuhlMAIOyA==,1873
game/assets/icon/2018.wdp,RncZUx+5ibwWcZJVhE+wNA==,3697
game/assets/icon/2019.wdp,VvYuodKfQMjfxukd3VJFrQ==,3013
game/assets/icon/2020.wdp,kuHVXdKghwxMk6h1ivBYUQ==,4427
game/assets/icon/2021.wdp,WKt/VEGCgYd3w7Y/TkyxmQ==,3807
game/assets/icon/3.wdp,nuITP14mQTei65jbymgHrQ==,2465
game/assets/icon/3001.wdp,QpmfbySunFB5ikuwl0GJSw==,3043
game/assets/icon/3002.wdp,u5CTwU8tUgursyDHZhF18A==,3213
game/assets/icon/3003.wdp,A2fe6E03UhwoTgaSeJb8dA==,2935
game/assets/icon/3004.wdp,9BuajhIBegL6bRwuU+GSOw==,3075
game/assets/icon/3005.wdp,u4LvwiNuWsYjD9GjZ8BxhQ==,4137
game/assets/icon/3006.wdp,glCsG4Er9yobFrqX53jufA==,2833
game/assets/icon/3007.wdp,SsqtGAshF1NTE6P3CmIJ6g==,3191
game/assets/icon/3008.wdp,e1BVjKoVdWMCey4IUoipdg==,3125
game/assets/icon/3009.wdp,FCHPFkcOUd7pi8BBmd3UeA==,3339
game/assets/icon/3010.wdp,Zq8w8Z4OwOxZyQnL7ra8jA==,3153
game/assets/icon/3011.wdp,555tDO/L1b91gpkjRAJAMg==,2665
game/assets/icon/3012.wdp,hol+UIHfIoI3DK8Pbu1hsA==,3105
game/assets/icon/3013.wdp,kgCxNJCbQ9awiUUqeODj8A==,3077
game/assets/icon/3014.wdp,T/EbQyl2xDX4osKtjphf9w==,2599
game/assets/icon/3015.wdp,kIbMFNSvrgAtGpNeea7ZoQ==,3793
game/assets/icon/3016.wdp,4Bh5r9b9KinKOFpKMaY1Uw==,3565
game/assets/icon/3017.wdp,NQYX7zEb4IfyP/jseFT82g==,3107
game/assets/icon/3018.wdp,ckj45+enNDkg+dfBmVgVQQ==,3289
game/assets/icon/3019.wdp,skSy1zWBpaz9BS+qWO2L8A==,2759
game/assets/icon/3020.wdp,/kg0bGvdLu5BUySwnm0zKg==,2919
game/assets/icon/3021.wdp,C94DnwwdWO3wdXLUhzEKwA==,3047
game/assets/icon/3022.wdp,K0ad/wwQo5mVOcX6KjnLzA==,3853
game/assets/icon/3023.wdp,ArT+UuInUuA1Gy6fo1owBw==,3455
game/assets/icon/3024.wdp,mBBUjGkl8XqiPJyPlMjdKQ==,3667
game/assets/icon/3025.wdp,Gau0Ka81/9Px4jDt1f7YdQ==,4451
game/assets/icon/4.wdp,AYTZ9B0QwdBAT2KVO8y4Qg==,2829
game/assets/icon/4001.wdp,JowBEHf91BdPUwN1lT+ekA==,2769
game/assets/icon/4002.wdp,z91w8XVYzr8DVou5KN2BGQ==,1473
game/assets/icon/4003.wdp,gwq/IiOch2faeJl+MoF0rQ==,1943
game/assets/icon/4004.wdp,EpDp35SuvQWXtB7Q6jyWWQ==,2033
game/assets/icon/4005.wdp,zmaqZj2t8mhfbiVka4z/wQ==,3127
game/assets/icon/4006.wdp,mXHKj4z8fLh0Q2GZOd+q+g==,1721
game/assets/icon/4007.wdp,2cRP2Ez270LlDHkI1bVEBw==,1851
game/assets/icon/4008.wdp,AAfiwwtMPuh6Zo4ocvmdaw==,1785
game/assets/icon/4009.wdp,Nj4BYuQkMmeihhgZp5iU9w==,1993
game/assets/icon/4010.wdp,sVDRnuh6mS6nBWwYJzXQaw==,1917
game/assets/icon/4011.wdp,Xh6y/P+BiReWUbiB3Am+Rw==,1843
game/assets/icon/4012.wdp,lZ6EjiLR/V3QqteclKPIkA==,3477
game/assets/icon/4013.wdp,ZVzd+Wfv6SfzUl+PeyUC5g==,2893
game/assets/icon/4014.wdp,sQ2EEG/F/bkiA8Meg6v4nw==,1735
game/assets/icon/4015.wdp,Wkelkg3Yh++2zCtSuPfj5A==,2195
game/assets/icon/4016.wdp,6P3ERCDTv93GOWmHbnL7Pw==,2011
game/assets/icon/4017.wdp,e+nj99bHhgrSijNi4+OSSg==,1759
game/assets/icon/4018.wdp,inWSUA6xYDbKmkpk3AS8/g==,1611
game/assets/icon/4019.wdp,Ins7XyKQL4Hh4XDorrzyww==,1685
game/assets/icon/4020.wdp,FFQIlIT4mTEbDYGXXUfF7A==,1843
game/assets/icon/4021.wdp,ethd26LtDiRlf3wn0g0D8A==,3687
game/assets/icon/4022.wdp,1Vbk9LescjgU4NerbQhFvg==,4331
game/assets/icon/4023.wdp,Wd7NZyBvfr2N3SSb/v6uWw==,4807
game/assets/icon/4024.wdp,ifUZSC6zetd2RDQpcfHqmg==,4749
game/assets/icon/4025.wdp,c9/V7VIZ+08zzL1OUH2zYw==,4945
game/assets/icon/4026.wdp,JpH7/xhWK2WTVNzqaGJnTQ==,4165
game/assets/icon/4027.wdp,79y9qC9vEXqOxRu6iTF50g==,5103
game/assets/icon/4028.wdp,E25h1WagWZrnFjihzNdHMw==,4237
game/assets/icon/4029.wdp,qnmOEWV6yT+Db+qrjud5lA==,2293
game/assets/icon/4030.wdp,zlsHR5LE11t1NYAmOkuxKA==,3197
game/assets/icon/4031.wdp,lf0PTUeu1nTxxCyAFtGIBg==,2873
game/assets/icon/4032.wdp,pazj+mQhqEv9VwmsEsUhmw==,3487
game/assets/icon/4033.wdp,Hc8TnLzd0AZgKNF3YTcmoQ==,2551
game/assets/icon/4034.wdp,93oXhKvv9SVdODXwfCXTjA==,3115
game/assets/icon/4035.wdp,QIAl75DOP6jKKW4yAu/nZw==,1627
game/assets/icon/4036.wdp,9IaUrEarFBmF0raIds2T8A==,4007
game/assets/icon/4037.wdp,bHSOlvE+zsL87vFVNQbCNg==,2613
game/assets/icon/4038.wdp,nr6HIimfNB0VtFhatCUzPQ==,2575
game/assets/icon/4039.wdp,mUWMknkazRG3+S6ZXrLW0w==,2931
game/assets/icon/4040.wdp,b+QlBrJdXzPUR1Jmk5g7hg==,2745
game/assets/icon/4041.wdp,q/efkGt3Jdtky2S0GWnMeg==,3187
game/assets/icon/4042.wdp,QC8TtciBapSCNv59Tn2LYg==,2511
game/assets/icon/4043.wdp,kGORWmn3tiNvp5dlwD4MVQ==,2543
game/assets/icon/4044.wdp,qTjs3ftWiAhx7d0dh3WPPg==,2055
game/assets/icon/4045.wdp,4fyn4Zh4SC7a35K+9mFJuw==,2129
game/assets/icon/4046.wdp,S+fOlFkboPFhxh/7r5obxQ==,2031
game/assets/icon/4047.wdp,zPDG+j8G9EXaks8e9CwCfw==,2079
game/assets/icon/4048.wdp,5vqs0tgAE6kdg4sLmu2ZTw==,2031
game/assets/icon/4049.wdp,X86Iqlg8VErzUSoVs2iJkg==,2143
game/assets/icon/4050.wdp,zPFT47U9hbkeY79zOklIag==,2155
game/assets/icon/4051.wdp,d1cNJZ2qbm9owfdXdVN9Gw==,2115
game/assets/icon/4052.wdp,OnZJ0UMVb4ubSN2H8GRgmA==,2175
game/assets/icon/4053.wdp,STYKMZnd4v6pMcrCN9Q7lQ==,2275
game/assets/icon/4054.wdp,EhR0oZ5FVAQxxB8HoeS5Eg==,3243
game/assets/icon/4055.wdp,DNbKyxg4Bek839gIBJ5gjw==,1417
game/assets/icon/4056.wdp,/n+ips6tN7XwFoQO9A/7ag==,1759
game/assets/icon/4057.wdp,UA91PlG/vpBfvWnu+oFvNQ==,2199
game/assets/icon/4058.wdp,5FZLUgUQEWxQVnNzDrUcvg==,1947
game/assets/icon/4059.wdp,joiZepQRcsU9le9Stkcc0Q==,1653
game/assets/icon/4060.wdp,RIq3RLyfkqysnwMrhUBVUw==,1531
game/assets/icon/4061.wdp,1xHpKEzIScQlynkJPyNHUw==,1889
game/assets/icon/4062.wdp,TkUaqS0/6C8ahZgTSiux3g==,1845
game/assets/icon/4063.wdp,kpS4OtXsn+11R6bptXhTsA==,1943
game/assets/icon/4064.wdp,FgOvV7sBjLKjLDuqSInCCg==,2241
game/assets/icon/4065.wdp,k+hA/R5Icy4XAPW8QewtSw==,2133
game/assets/icon/4066.wdp,jj6YFG9NoJvAPMa0jIaChw==,2311
game/assets/icon/4067.wdp,01/lDW1wVM2Ar8DHj852ZQ==,2349
game/assets/icon/4068.wdp,vWCkWsk7PDBT7YtkZzQADw==,1965
game/assets/icon/4069.wdp,01+XkeEgLwV5tmQFnPykaA==,1371
game/assets/icon/4070.wdp,F1k3dAEVPBQj0aM5ZIG4PA==,1527
game/assets/icon/4071.wdp,sBc83z1NCdHNCMuUPJ2tQg==,1905
game/assets/icon/4072.wdp,wPEslDG+22gUy15jw23xkg==,2343
game/assets/icon/4073.wdp,0JCrBEU5E/Bm6ghwOtnEZg==,1537
game/assets/icon/4074.wdp,WHPIgo87OLpstDSIcH4faw==,2215
game/assets/icon/4075.wdp,4ll7/jQjPDOwwMi6g5wUVw==,2369
game/assets/icon/4076.wdp,PgLhyFLnD1ofnGHvBL3cBA==,1637
game/assets/icon/4077.wdp,b92Nb9klmFaq1LNfObj+Tw==,1403
game/assets/icon/4078.wdp,Sk2V1aXLEP7dEhkiBTqwhw==,2111
game/assets/icon/5.wdp,HIAvZk4mEghWoVx61fe3rw==,2895
game/assets/icon/5001.wdp,wgYEhjg5EU9wUqFSIPYskg==,3661
game/assets/icon/5002.wdp,5w6nrDFoKWMER5Qje/eh/g==,3311
game/assets/icon/5003.wdp,ReefOGwA5B3Y7TJeqwngNw==,3773
game/assets/icon/5004.wdp,DKfne7vw7hClKWH/avgkKQ==,4375
game/assets/icon/5005.wdp,7vFGzPJqCSuJHas4fp8OJQ==,3427
game/assets/icon/5006.wdp,iRoOKJT3DGp3RrQqlYg33g==,4231
game/assets/icon/5007.wdp,jgB6y4oEJu5XGVRwEu1vmw==,4149
game/assets/icon/5008.wdp,Mju0uxm6erC1MrinD9S/Kg==,3257
game/assets/icon/5009.wdp,B3vJ2pAVjXLPN63vyctwRw==,2713
game/assets/icon/5010.wdp,0i1AyniqIp/ZornTLhoBAQ==,4735
game/assets/icon/5011.wdp,+XRQvIQSgrrXEJuh6cEdlA==,4285
game/assets/icon/5012.wdp,ZdjADrcUs5aJ4qQs8nwWUw==,3829
game/assets/icon/5013.wdp,mgNqGA/diOEP6PGquWDlLg==,4381
game/assets/icon/5014.wdp,HJUxxLoINgrX7JIoVbO+wA==,3883
game/assets/icon/5015.wdp,Yg1qdH9gQ1umLqN3wc2vYw==,4419
game/assets/icon/5016.wdp,8bZvSiCfsESKz/81lc8N8g==,2415
game/assets/icon/5017.wdp,c2FqMlA8nvxP4fPCOs+Xhg==,3421
game/assets/icon/5018.wdp,NP8x3n2OeShJMCThCQX9EQ==,4055
game/assets/icon/5019.wdp,CKHMa7HtuVyShhmrUYO09w==,4607
game/assets/icon/5020.wdp,8xT7tQWPmmaX05qFtRDQAQ==,4241
game/assets/icon/5021.wdp,adNQfleD2VEm4Px0/HR/Fw==,2895
game/assets/icon/5022.wdp,fw8QKZj1LH7kRUrrpoc/MQ==,3009
game/assets/icon/5023.wdp,nFRj/MnRbbUe3NRdxnlGKg==,2683
game/assets/icon/6.wdp,ZifZpaZMrlqs+7tI4i8APA==,2985
game/assets/icon/6001.wdp,EqHxXSWBooiSS/8IpUB0XA==,2755
game/assets/icon/6002.wdp,iAICBgwva/aubWyCcqRtyg==,3581
game/assets/icon/6003.wdp,YfJikk54cmvvvhmEdFxExg==,3903
game/assets/icon/6004.wdp,TsU7dl2WRjEHU0ex9gushg==,2123
game/assets/icon/6005.wdp,HFynAohR0dcTLgjs89sqJw==,2623
game/assets/icon/6006.wdp,Vwq6eo+3ZZ/E08Hta3SloQ==,4025
game/assets/icon/6007.wdp,LIqIXQaeXwXSawJXkL9xUg==,2687
game/assets/icon/6008.wdp,YldEQtikDoihr0cufTSY3A==,3279
game/assets/icon/6009.wdp,pXv9QngDOI0nld1CpUbYsQ==,2907
game/assets/icon/6010.wdp,PBoyNrNbMU1lLIAK4nkBjw==,3337
game/assets/icon/6011.wdp,2JvNcw1mrC16+FkPYf6C4Q==,3763
game/assets/icon/6012.wdp,9neHV85asDOFF+0UFuUQ+Q==,3503
game/assets/icon/6013.wdp,2mia7p5DduyC11t+MqpjKA==,3467
game/assets/icon/6014.wdp,BpJNJrDbLffJAmMX5yc25w==,3367
game/assets/icon/6015.wdp,C83+/WuOygh/8Z0inew+tg==,3351
game/assets/icon/6016.wdp,+tsWFzxCvl3BxGM4v5RZrw==,3589
game/assets/icon/6017.wdp,zOK0rQk6zzRR7bm0fZGbpg==,2265
game/assets/icon/6018.wdp,8WtGGwuCNJ88TsY46Z0YfA==,2667
game/assets/icon/6019.wdp,Vi1g+5e/ufiv62Kcm/pnSw==,3003
game/assets/icon/6020.wdp,IzzBS2Gdcw7uZlVwf6gv3Q==,2263
game/assets/icon/6021.wdp,czL1tf08tWcMRf6/tePAGA==,3153
game/assets/icon/6022.wdp,9bTecKePuQd8p/nDNor1AA==,2495
game/assets/icon/6023.wdp,+OCbaNOfBWK8/NDwf8rhFg==,2609
game/assets/icon/6024.wdp,vP2IXMOjlE3bk3ffBK8P/Q==,2379
game/assets/icon/6025.wdp,Ywpiidy3UyhwwCq/u9WQow==,2925
game/assets/icon/6026.wdp,2+CJQUgYe30KJBWtzwW/jw==,2821
game/assets/icon/6027.wdp,RLJVybn9lMQTW048Zzywtg==,3159
game/assets/icon/6028.wdp,RMEKu9Hu9JrTq8doD/AbMg==,2731
game/assets/icon/6029.wdp,XQuIlVMQVw62K2fVwPE9kg==,2799
game/assets/icon/6030.wdp,UdTmrWxiXOvwOdGIZuu23Q==,2609
game/assets/icon/6031.wdp,XWtLXjIbPvRubuo5kJClNg==,2913
game/assets/icon/6032.wdp,XO7OWgo36bjG9nqjTk8slw==,3817
game/assets/icon/6033.wdp,/UqUajS5DOKAcJQG1cr+vA==,3491
game/assets/icon/6034.wdp,cRNA1dV2aS2Xp6QqnNeAjQ==,4073
game/assets/icon/6035.wdp,utIcMj//gSqiQh+oFqVSQA==,4193
game/assets/icon/6036.wdp,dAaM6z/3BZFAtmFo+sANyA==,2185
game/assets/icon/6037.wdp,xrKf2C0DxFzQ/Tou1+nCnQ==,2167
game/assets/icon/6038.wdp,YOYgNUjK295IIdhzbaZ/Qg==,2485
game/assets/icon/6039.wdp,MI+F7zoGPIZ3R7m6sMdnoA==,2621
game/assets/icon/6040.wdp,fO4DOAjft0yNxY/XSFop9w==,2267
game/assets/icon/6041.wdp,g6bjyHgwsNlv6PIMLdxODQ==,2231
game/assets/icon/6042.wdp,lfz2FH920o8NnLpIUInwMw==,2317
game/assets/icon/6043.wdp,NQXeQLwSEen0RPCom1ttTg==,2837
game/assets/icon/6044.wdp,2zddM/Lsj5NYlj8P7M6wsg==,2269
game/assets/icon/6045.wdp,IxGidOO1Lc2L5k3iHUo7yg==,2575
game/assets/icon/7.wdp,uWfjpcCjyQPfXpKKUs66KA==,3171
game/assets/icon/8.wdp,nK2JB+90cbBtLsriC8v/OA==,3231
game/assets/icon/9.wdp,gai7oGclFj0LCsXYyj69mw==,3281
game/assets/icon20/5001.wdp,ZNmMIqnum42RrjvgEJ8ung==,1069
game/assets/icon20/5002.wdp,SezoCFJmMw9X4hk/KKRlLg==,1041
game/assets/icon20/5003.wdp,+VNYz9bBqMAK/Pv+eHTLlg==,1033
game/assets/icon20/5004.wdp,kGUGjNZZF5b248a12IbCXA==,1045
game/assets/icon20/5005.wdp,Q/uaU3LYshEMn/uXMqKTlA==,1079
game/assets/icon20/5006.wdp,RXcZ9iOjI3iHKBUetijFNQ==,1109
game/assets/icon20/5007.wdp,uWyW9CpMQAHkCjPkRboJJg==,923
game/assets/icon20/5008.wdp,X/fJcT8S5OCwzEowR0JgMA==,977
game/assets/icon20/5009.wdp,rMl7rp6hqGW1q8rqKYm7Dw==,795
game/assets/icon20/5010.wdp,Hczg5QgR45YzBKikAvXLSw==,1227
game/assets/icon20/5011.wdp,5vNx8mjmFg/npdhs7baOTg==,1211
game/assets/icon20/5012.wdp,S3up+1CbVYnd8G0Y04UxbA==,1025
game/assets/icon20/5013.wdp,L1XDFq28CWgaSPrho2lYrQ==,965
game/assets/icon20/5014.wdp,INdnajJJMRpFmdggxTRwAA==,989
game/assets/icon20/5015.wdp,e2c15sIol9dzmfnhc4nSSw==,1099
game/assets/icon20/5016.wdp,snaZz0dmXLlXERHsGfICiA==,795
game/assets/icon20/5017.wdp,HJIdUTzjOLBy9r8K4eR/lg==,855
game/assets/icon20/5018.wdp,N6AQgtPQgeSUb+p4jAckZA==,1137
game/assets/icon20/5019.wdp,9YFHkp+YyGJg7llZ7NzVCA==,1167
game/assets/icon20/5020.wdp,Jy/+lAXMG+dtQUSaY4HOcQ==,1067
game/assets/icon20/5021.wdp,9LeZGCabBQQQeBtfgeQt4w==,827
game/assets/icon20/5022.wdp,/IdPF4wnKpjHfbyX9IJ+nw==,809
game/assets/icon20/5023.wdp,IHCMmKI5NO3EhUAXnj0qEQ==,841
game/assets/laoshu/baoNu.swf,7yWRdOtJ+cgNupuAkYPEuA==,39460
game/assets/laoshu/bing.swf,AiOm9SBHMamn+53qrDGOvg==,26994
game/assets/laoshu/diaoPing.swf,/X6iMfKf2CLYREJOi5C07w==,24715
game/assets/laoshu/diShu.swf,hcMW7RCyMI3mtzWgIRa+SA==,30897
game/assets/laoshu/ganSi.swf,ACq+hl9nKIrgcvyDICN5uA==,27415
game/assets/laoshu/guangDu.swf,zK5UmeGvTQbjqRS5XoOEsw==,30760
game/assets/laoshu/huaLun.swf,iUVcdBdDKRT9zPRbeUfPdA==,22961
game/assets/laoshu/huoFeng.swf,F7TAfLqGSiJ+xo3/5gFQ/g==,47510
game/assets/laoshu/jingJi.swf,j+awIuHd82Y+/awC0a+0dQ==,29298
game/assets/laoshu/lie.swf,8ULquS/44T8kp09IeauYJw==,40225
game/assets/laoshu/puTong.swf,fooNm2wdI9pCNt5xs9c+uw==,27985
game/assets/laoshu/tiaoTiao.swf,sxkUlSoV4xMLdr8ZPCoDTA==,31701
game/assets/laoshu/tiTong.swf,qxn5OOl7fRgJ9dlJDmAk6g==,29487
game/assets/laoshu/wuShi.swf,dsOIt5GDa7LTpctn3Xca5w==,28977
game/assets/laoshu/xieE.swf,L0uUIxrO4LaM6pOV6GvgfA==,26298
game/assets/laoshu/xiXue.swf,nj8ijucW1jqLGPzPBF+siA==,25840
game/assets/laoshu/yaoGun.swf,b8GCHP/DD6O/m3PKrpjK0g==,25193
game/assets/laoshu/zuanDi.swf,A+hUAlguB1Wo7Cdfm31INg==,20281
game/assets/map/1.wdp,fgbsKDdTjKbOgnUbDf9EmQ==,243407
game/assets/map/2.wdp,1338E3xMjEGRWrZu2SEUrw==,262991
game/assets/map/3.wdp,9+CDVlNT3bbhyr9qsOn5sg==,82183
game/assets/map/4.wdp,20VMVtx96jbOcsvTB5lFPw==,107291
game/assets/map/5.wdp,sELTKQARbZjMMBMvCYsnow==,115191
game/assets/map/6.wdp,hk/evr7NE3h4hZJC/ztklQ==,217985
game/assets/map/7.wdp,A03F+l3BU3coM/+vPtJO/Q==,174353
game/assets/map/8.wdp,YkVgKXU9Du8hRX6v5BxM2w==,151573
game/assets/map/readme.txt,odi+B0tLJ3aZRYVx6DcdCw==,118
game/assets/music/lame_addhp.mp3,9mHYwF8c7Nclv2JbRRUtjg==,31346
game/assets/music/lame_att1.mp3,1fG2kcwwdjRD46leajUp8A==,21732
game/assets/music/lame_b1.mp3,TUT762hjJj+u+s9uhV5mHw==,71470
game/assets/music/lame_b10.mp3,WLkDhF0wx0MtTDQn69sEAQ==,47646
game/assets/music/lame_b11.mp3,3yKKQnXEbpExDktztM++HA==,65618
game/assets/music/lame_b12.mp3,Z4I9WLqALQStUJwyPWJCfA==,32181
game/assets/music/lame_b13.mp3,8hD2Pdl1HTjMpMNZkkKCug==,48482
game/assets/music/lame_b14.mp3,2fs1/bEF14QhGhbVBUhNBQ==,65618
game/assets/music/lame_b2.mp3,It91/nngZglw+n6xwY6/aA==,57677
game/assets/music/lame_b3.mp3,Ay5iBFEKhrcQ1ldrSH4L8g==,33017
game/assets/music/lame_b4.mp3,Gy/R4x7hRP7jwfhsfs8FSA==,41377
game/assets/music/lame_b5.mp3,n+iWk9AUeOm7B6K4l4cFGQ==,65618
game/assets/music/lame_b6.mp3,HwVtVo9riyEhAZ49CGIYEw==,55587
game/assets/music/lame_b7.mp3,7uFbuW4F6MRnqo2vEgNFPw==,133328
game/assets/music/lame_b8.mp3,lGi+V57Lje5EZ5jsVsWpQQ==,64782
game/assets/music/lame_b9.mp3,ezj26Wa4WxtXAqrzCZ9N8w==,61021
game/assets/music/lame_battle1.mp3,RSfUecF+2/sGJOnrxYOLlA==,473964
game/assets/music/lame_battle2.mp3,PJqPZdkVW6fiisrVy6V7Kw==,498624
game/assets/music/lame_battle3.mp3,yBFmhdMIF8ah55Hlljfx5w==,490265
game/assets/music/lame_bg.mp3,fY7yfi28nWqqGH59lXrj2g==,890670
game/assets/music/lame_bigmap.mp3,GIt85Z6wIBdiXmNROgOa9g==,724322
game/assets/music/lame_btn.mp3,4FNI9YSvoTPz487Ig/oBzA==,8776
game/assets/music/lame_build.mp3,OIlT0A/AdHr4Bbm0uc7aJw==,34689
game/assets/music/lame_die.mp3,n80AArO12RmvoBs2l7E83w==,43776
game/assets/music/lame_fail.mp3,nKcVp80+ooJvsuKHMWy6Mw==,63110
game/assets/music/lame_flower.mp3,eIe/Runr2D15oP8qKKVq3A==,481488
game/assets/music/lame_fly.mp3,loKeWxUZ3WUTCUrwzsSaaw==,8776
game/assets/music/lame_free.mp3,vElVFNf26eA9NhLj/ZuvIg==,208142
game/assets/music/lame_getglod.mp3,xu7VBf4tPtiunEnsXYFu8g==,30928
game/assets/music/lame_gethp.mp3,Nmp44xjYkFr4SoIcXUeiTw==,28838
game/assets/music/lame_getstar.mp3,AWZicygU5/GOVj9qfcqVCw==,38033
game/assets/music/lame_lame_addhp.mp3,L10Z8aOHhd9pbGuczzIXQA==,31346
game/assets/music/lame_lvup1.mp3,o6Mc77qDT90Lbm3pebaH7A==,64364
game/assets/music/lame_lvup2.mp3,3DK4rHx47smEnXOb1bFhww==,41377
game/assets/music/lame_mixlame_addhp.mp3,IO0upXg9Bp9hR+RrScHMrA==,15672
game/assets/music/lame_pao1.mp3,s54k/+x+fSPjqOORaFxtFw==,21732
game/assets/music/lame_pao2.mp3,vLaQTH5KlwcG6OsOBWIupw==,21732
game/assets/music/lame_reflect.mp3,vvDwHhdx7SYC0gb0nfL0YQ==,24240
game/assets/music/lame_save.mp3,QCYMtK40dcwGTLsBrfAZ/w==,43884
game/assets/music/lame_score.mp3,w2yW1EOm2Ftre24WbvqaEg==,19225
game/assets/music/lame_shot1.mp3,4fe1a6nxrt6DhBTEzBO9tg==,85262
game/assets/music/lame_shot2.mp3,q6A2SirVqd/VLbhsIiT1EQ==,88606
game/assets/music/lame_taskover1.mp3,n+D1eW7gPzwsY8xQVjYRag==,41856
game/assets/music/lame_taskover2.mp3,3de3W4KtUc1/8xwVKXtNBw==,47646
game/assets/music/lame_uiclose.mp3,nEjlLMaDvDfMqxclyboZJQ==,13373
game/assets/music/lame_uiopen.mp3,V7ynnDo3dlu0PJgqiOmMJg==,19225
game/assets/music/lame_use.mp3,KRCNOXi6/25Qb7JOb/3dOg==,25076
game/assets/music/lame_win.mp3,EPviMVDEgYd2J9A4PY4i4Q==,73559
game/assets/paodan/2001.wdp,NfZs1lJODDK8+c3/aVpPQg==,1495
game/assets/paodan/2002.wdp,s4fQFCeh0vDUxtmALFmOdg==,2353
game/assets/paodan/2003.wdp,O3eB82wpibW9USwFnptfQg==,2265
game/assets/paodan/2004.wdp,FQtS1UWUgXY1luuXwSyBNg==,2235
game/assets/paodan/2005.wdp,KwPWVy9IxlwqXFwEmyeL+w==,2709
game/assets/paodan/2006.wdp,G9ph3NLQeYO9nmEJODbdnw==,2093
game/assets/paodan/2007.wdp,Ngj7Qi6bSBmA4gtvCiRXeg==,2869
game/assets/paodan/2008.wdp,JKQlWEm5RpTNYwfBB8RDzg==,2963
game/assets/paodan/2009.wdp,HwXGxJv5BNZSI62bLN7UGA==,3201
game/assets/paodan/2010.wdp,pZfXHn1+JdMu5d/mSWKNzw==,1799
game/assets/paodan/2011.wdp,4U+TVfssXerp9GmaVy7WzA==,1963
game/assets/paodan/2012.wdp,gqVSbQzXlqcxkAgQ9SCUXA==,2909
game/assets/paodan/2013.wdp,NvvDncNLgY2RXRzhdPWKtA==,2037
game/assets/paodan/2014.wdp,jUXQixLXntaCwtTmY+or+A==,2191
game/assets/paodan/2015.wdp,5C6/pyNQPXS0dZvolDdx6w==,2093
game/assets/paodan/2016.wdp,sBUzR9MnfIGoMyLFgLV9Ww==,2527
game/assets/paodan/2017.wdp,kZYQpKERa27gvz//OZeSDw==,1775
game/assets/paodan/2018.wdp,DAu/LCaBffrDKSjq1CkpNw==,2147
game/assets/paodan/2019.wdp,F4zpl9uuaJA0+gf2bqMeug==,1923
game/assets/paodan/2020.wdp,8AR4yJpnNQ5u7eoWL1kfSQ==,2807
game/assets/paodan/2021.wdp,AG3D8+j1b97jfRcBPpxCPQ==,2233
game/assets/paodan/2022.wdp,qgV+J4Hguc+71B1Ru6bRNA==,2321
game/assets/paodan/2023.wdp,5ZB6YZ/a8thQN95xF8yqGg==,2525
game/assets/paodan/readme.txt,IuwKCJsb6fUBsiQd5s5f5A==,12
game/assets/paodan/try.png,nESuoN8drKBRbruznCq1Vw==,5871
game/assets/pngs/AppStarting.png,/SYso7WkfNGPJgKfk0xdAA==,4700
game/assets/pngs/num1.png,icWkvvb/hhVTprw0nTHXDw==,74186
game/assets/pngs/num2.png,ffVwYE7r97584xD/hK1gbQ==,73344
game/assets/pngs/pointer.png,Xr2Ec3MtbwbbkpDygdlmYw==,4181
game/assets/pngs/sakura.png,t8KTmsNqFw1x+kmxzOTX+Q==,3013
game/assets/prod/1.wdp,KBD8DkUCi9NjbjqRPzdveg==,3909
game/assets/prod/10.wdp,2CyQBYy0cRqhwasne+muDA==,4331
game/assets/prod/11.wdp,7z6BSljuR1khFdM3nwRghg==,4985
game/assets/prod/12.wdp,m/+66kwdF+wXaS1apxRbyQ==,4427
game/assets/prod/13.wdp,V+zLeyW52gdSEcJT/g5QzA==,4085
game/assets/prod/14.wdp,WnsX1xaO9zPySq7K7rUmZA==,5115
game/assets/prod/15.wdp,QhB0hKRO471YLtwQ+jz7UA==,4143
game/assets/prod/16.wdp,csEb+/aN1pFF2CE1vsSaKA==,4171
game/assets/prod/17.wdp,eTa1x8DTtbuVIFcrXXZaWw==,3629
game/assets/prod/18.wdp,AmvjFv47RQZ7DvKVV2Pw6g==,4475
game/assets/prod/19.wdp,p9hUCBC2wSotclaJvuYEfA==,4669
game/assets/prod/2.wdp,XYmDl5Q0nMBKQbEESDr2Fw==,5229
game/assets/prod/20.wdp,Qgc7p5Wh/dcQot/P+j2DPQ==,5679
game/assets/prod/21.wdp,vHsdgG8qWKNcwg51oCQeBA==,5595
game/assets/prod/22.wdp,pfYxLQRx7YMyZNM7HP2HUA==,4875
game/assets/prod/23.wdp,RyuuY8OQ2nQtgznkkcrSZA==,3837
game/assets/prod/24.wdp,AX/r6WapVT8JzvKftXTvLA==,4639
game/assets/prod/3.wdp,p5k1t7ZPWqi9PTV6t+L49A==,5315
game/assets/prod/4.wdp,W2TDb4J9QT9i/nIa+8AbGg==,3999
game/assets/prod/5.wdp,yRCJYifb6HRdOKm0Jm0ALw==,5111
game/assets/prod/6.wdp,+NoiBilhuEOTZa+dEA7Aog==,4743
game/assets/prod/7.wdp,ZLhRRiHsI+C3cp90meRJAw==,6173
game/assets/prod/8.wdp,F7ealD95FafAkHbfRKoo8w==,5459
game/assets/prod/9.wdp,saiocGxuKbg0NXvxJe15qA==,4803
game/assets/shadow/1.swf,SV47OV+vAVItXgLQ3WB4Ww==,3516
game/assets/shadow/2.swf,FI88I42vwyRkz3P4tcQF2Q==,911
game/assets/skill_icons/H5_yuansuzhinu.png,jo3cKOijH4bBnhi7i0NE9g==,11738
game/assets/swfs/arenaCreateUI.swf,wYyNiqfxNyJGBCcsZZKJjQ==,82080
game/assets/swfs/arenamainui.swf,Me7w1H7Obqcffh5yXrJJ8w==,150014
game/assets/swfs/arenaRoomUI.swf,CjQ62Dc1s2BEYSBrE87u7Q==,153214
game/assets/swfs/base.swf,gvDRhxIJnpcyx5rE8E7drg==,840283
game/assets/swfs/battleMainUi.swf,LTBnUNbCf0k5cWdJ/98Bsg==,79185
game/assets/swfs/battleMapUi.swf,kPq9E35XxDkz3wHWNJVKxw==,319356
game/assets/swfs/battlePassUi.swf,32+GUBFc8tgw2xMCI7NXTg==,114574
game/assets/swfs/battlePrepareUi.swf,0Q/CaAmX/XzoMpxxQo/1Sw==,114769
game/assets/swfs/buildui.swf,C3qtFlGBkjjOQu6VeZSqww==,225247
game/assets/swfs/dawenzi.swf,ROGipFupfNHo8PwlsJDulA==,68566
game/assets/swfs/developmentUI.swf,Fl+A2W5Oa3hSp7UiUIp+nA==,102128
game/assets/swfs/diShuUI.swf,1r/7FANv9B7QbHAlvhjU8w==,12331
game/assets/swfs/equitUI.swf,KqM3j05lXvm9esz89Zu82A==,250519
game/assets/swfs/flash$1.class,1EcY7yK/YjD3pS/iEjxObw==,636
game/assets/swfs/flash.class,lO/JyxgkXj8BMVJxdcoYGw==,2082
game/assets/swfs/flash.java,mY+b1HCI8LzevS+JL5nHUA==,1802
game/assets/swfs/flower.swf,xTeLSzXyeJbR9dCrV3Pgow==,11844
game/assets/swfs/friendMsgUI.swf,74+Juwv3xIL89enBzddYVQ==,11702
game/assets/swfs/gameOverUI.swf,IopwSe5gnCYWDpmbs9C9qQ==,208855
game/assets/swfs/giftpackui.swf,E1XQjGZLPZlcdvRZF8itZw==,131671
game/assets/swfs/giving.swf,WRuJpPaTbLvVAxnWCkOcWg==,21917
game/assets/swfs/hero.swf,Oc8jI6A9Of0jckIC5CSD8A==,100086
game/assets/swfs/leitaiui.swf,569gpHCFH0dXRd+IOUOigw==,21908
game/assets/swfs/lipinui.swf,C3tc/9dFtCt1BfTZzM2yZg==,50563
game/assets/swfs/loginGiftRewardUI.swf,S0YsCq21ADLu4imJMP2e0g==,101499
game/assets/swfs/mapRankUI.swf,gwofqwyiOJ5tXzjbUt8kJQ==,9226
game/assets/swfs/messageUI.swf,Agw+7pykd6dGkR7BSyAOhQ==,103194
game/assets/swfs/packui.swf,GqPsIzRO2TPfPCcufTiRig==,141717
game/assets/swfs/productionUI.swf,V9cARolK3dJ22IOPbzc0kA==,93476
game/assets/swfs/questUI.swf,pnT9foFDwmO6023gXS46Mg==,98949
game/assets/swfs/rewardUI.swf,6uu6/me5EDduO+IDThhR3g==,101491
game/assets/swfs/run.bat,hN9lPJPfssb6h+no2kciFw==,188
game/assets/swfs/shopUI.swf,0HL8tVOvXQDygFEdKxlY+w==,124142
game/assets/tmx/1.png,kyNgrnoA9ukey8sbVeobTw==,17993
game/assets/tmx/10.png,RFcM24aoRxpZCHoRzBHXeQ==,5677
game/assets/tmx/2.png,AzbwWnGhI+nregVhLaRmzQ==,5510
game/assets/tmx/4.png,QHDPlIIek8LpjZZF0cf3MQ==,5156
game/assets/tmx/4_.png,mkZ8adUDhP/dfIDz2z35Gw==,5379
game/assets/tmx/6.png,xyiCsOUwuFecImbJQlDaQA==,5054
game/assets/tmx/6_.png,z0iukzeP3xN2itfrylLmrQ==,5228
game/assets/tmx/8.png,5jjts9IgGqK/JFDr3UEKow==,4687
game/assets/tmx/8_.png,7T7fXhOs4BkLAhbbvIyX3g==,5031
game/bg.gif,g/iPCD0EGchGP95eE4rCEQ==,11093
game/css/wp-admin.css,g894FysNRtaoCKv2RO0Rjw==,104204
game/csv/copy.bat,VQWJBwGnLaeNp/cUX85FHw==,194
game/csv/csv.zip,BIWC609hwmo0a0ZkYHmrcA==,102482
game/expressInstall.swf,IE9HEfiZwap2Z5Har8elUg==,773
game/game.html,Gp6gUvAQJ5pewwXBBfUTUA==,4052
game/images/bak/bg-menu-active-hover.png,XwnuJeIdZKhqU9CBd4NiXw==,3272
game/images/bak/bg-menu-active.png,Euyn1t0G2pmsubYmOmiS8g==,3756
game/images/bak/bg-menu-hover.png,RDLihec7QPr+teo+/KkyQw==,4098
game/images/bak/bg-menu.png,g5/OzNxpYUs5+2vXts5n7w==,4760
game/images/bg-menu-active-hover.png,CY3sNZrxgnobkgdkq81wWA==,6119
game/images/bg-menu-active.png,9Biz03+jUcSgroLeVP+NWA==,6754
game/images/bg-menu-hover.png,7xclkeMRnqn6sGqkG/mgMg==,6008
game/images/bg-menu.png,/SN5XsOiHhPJKcHOnuUcmw==,6390
game/images/header.png,1f/kFsBAb86qwqw4/nfa9g==,121931
game/images/logo-login.png,/9O6Euul5hIS9B14wUhi+w==,70397
game/images/things.jpg,AcQW5RvRRXx4D/+oyAakFw==,316885
game/index.html,lnUs4fS3Hq3IUjrVFoq2BQ==,5568
game/JMD5.class,XVMByv3ZxJFcT+EEXRBWSg==,2161
game/JMD5.java,EppcOdvT9iY3s8/CVK3gRQ==,1401
game/js/jquery-1.7.2.min.js,oT9/IIulNGgd6tsex6LlSg==,94843
game/js/jquery.cookie.js,Af1ywM+VrVOdACgUuR9c8A==,2010
game/js/jquery.cookies.2.2.0.js,cKhB1kZKN5NUIc5Pm2mxXw==,11408
game/js/swfobject.js,hOB/qCIuW/PzVs187EVLYQ==,10223
game/language.txt,tTVS5y/nPcQZBYlfaZHahw==,88
game/level/1.tmx,7Y8DBLf0xvRzA8ZMCet0Wg==,345962
game/test.html,lnUs4fS3Hq3IUjrVFoq2BQ==,5568
game/v.csv,IJ6S06NpCVB31R5U+J08YA==,36863
game/v.txt,3MWc1ionK4n72Ti0PZ5Owg==,21
game/v.zip,1AQzv41+eXq76RwTojWwLw==,16066
game/version.bat,Ly/hPe+40rOl9LQ6Tq4OMQ==,387
game/version.php,Rodomsjii9gfZvY1TZoGAg==,149
game/webgameclient.swf,/w9tkd07ddMauHgarHDNJA==,2900246
